,precision,recall,f1-score,support
1,0.9523809523809523,0.9523809523809523,0.9523809523809523,21.0
2,0.95,0.95,0.95,20.0
3,0.9090909090909091,1.0,0.9523809523809523,20.0
4,1.0,0.9,0.9473684210526315,20.0
5,1.0,1.0,1.0,20.0
accuracy,0.9603960396039604,0.9603960396039604,0.9603960396039604,0.9603960396039604
macro avg,0.9622943722943724,0.9604761904761905,0.9604260651629073,101.0
weighted avg,0.9621962196219622,0.9603960396039604,0.9603464105809078,101.0
