,precision,recall,f1-score,support
1,0.9090909090909091,1.0,0.9523809523809523,20.0
2,0.9473684210526315,0.9,0.9230769230769231,20.0
3,0.9047619047619048,0.95,0.926829268292683,20.0
4,0.9047619047619048,0.9047619047619048,0.9047619047619048,21.0
5,1.0,0.9,0.9473684210526315,20.0
accuracy,0.9306930693069307,0.9306930693069307,0.9306930693069307,0.9306930693069307
macro avg,0.93319662793347,0.9309523809523809,0.930883493913019,101.0
weighted avg,0.9329150960208803,0.9306930693069307,0.9306248643174634,101.0
