,precision,recall,f1-score,support
1,1.0,0.9523809523809523,0.975609756097561,21.0
2,0.9523809523809523,1.0,0.975609756097561,20.0
3,0.9090909090909091,1.0,0.9523809523809523,20.0
4,1.0,0.95,0.9743589743589743,20.0
5,1.0,0.95,0.9743589743589743,20.0
accuracy,0.9702970297029703,0.9702970297029703,0.9702970297029703,0.9702970297029703
macro avg,0.9722943722943722,0.9704761904761906,0.9704636826588047,101.0
weighted avg,0.9725686854399725,0.9702970297029703,0.9705146338809706,101.0
