,precision,recall,f1-score,support
1,0.9523809523809523,1.0,0.975609756097561,20.0
2,0.95,0.95,0.95,20.0
3,0.9047619047619048,0.95,0.926829268292683,20.0
4,0.9473684210526315,0.8571428571428571,0.9,21.0
5,1.0,1.0,1.0,20.0
accuracy,0.9504950495049505,0.9504950495049505,0.9504950495049505,0.9504950495049505
macro avg,0.9509022556390978,0.9514285714285714,0.9504878048780487,101.0
weighted avg,0.9508672671778456,0.9504950495049505,0.9499879256218305,101.0
